id,label
00396960ae.jpg,1
004773d4e8.jpg,1
009b266d98.jpg,1
009ed56c89.jpg,0
00a16cb3ae.jpg,1
00dfffbd41.jpg,0
00f5b22b0e.jpg,1
0128a1445b.jpg,1
017c62abe5.jpg,0
01884303fe.jpg,0
0191b19f44.jpg,0
01996dcce3.jpg,0
01d6a61ef4.jpg,1
01f60f0dd4.jpg,0
02164ebb34.jpg,0
0216a78271.jpg,0
02253429c1.jpg,1
0230107252.jpg,1
023ce8816d.jpg,1
026f145d07.jpg,1
02885090ec.jpg,1
02bb900252.jpg,0
02ce9d5dba.jpg,0
0350f05efb.jpg,1
0363192ae1.jpg,1
03a5a6b5ba.jpg,1
03c01315f3.jpg,0
03e7219604.jpg,1
040c744779.jpg,1
0417426dce.jpg,1
0440f8d6cf.jpg,1
045b5209ea.jpg,1
04980fc906.jpg,1
04a668d7be.jpg,1
04c307864e.jpg,1
04f17ae096.jpg,0
05087537e5.jpg,0
05a0986da7.jpg,0
0661bd29ce.jpg,1
068a45c99f.jpg,1
06e460ae62.jpg,1
06f4ebbdae.jpg,0
06faa7565b.jpg,1
06fecd325f.jpg,0
070d8743d2.jpg,0
072915d6b2.jpg,0
0738f6bbad.jpg,1
074b9fde7e.jpg,0
0770466eb7.jpg,1
078f2b7777.jpg,1
079eb0d115.jpg,1
07b2974e83.jpg,1
07bc1f240e.jpg,0
07cba816bb.jpg,1
07cc85df16.jpg,1
07d1882d5c.jpg,1
07e6e94021.jpg,0
07f18f0c2f.jpg,1
07fa16ee25.jpg,1
08309d7787.jpg,0
0833be035d.jpg,0
085e6e0ba0.jpg,1
08d0d85966.jpg,1
08f99d4d05.jpg,1
0900581479.jpg,0
09075e4eb4.jpg,1
0947e47409.jpg,1
0995f5723d.jpg,1
09a6caf0f8.jpg,1
09a90569f8.jpg,1
09bba403f1.jpg,0
09df0b0998.jpg,0
0a04bcf025.jpg,1
0a04f8e80e.jpg,1
0a17137b9e.jpg,1
0a2bc0e070.jpg,0
0a9796a6c2.jpg,1
0a995d672e.jpg,1
0a9e43869e.jpg,1
0a9f4a098a.jpg,1
0aaaa59109.jpg,0
0ab569756e.jpg,1
0ab66fca59.jpg,1
0ad120a2b4.jpg,0
0af4231a6a.jpg,1
0af79aef5a.jpg,1
0b164ecd3b.jpg,0
0b16cc725a.jpg,1
0b3622c7d0.jpg,1
0b3edfef76.jpg,0
0b6b58929e.jpg,1
0bc62acaa6.jpg,0
0bc9291d18.jpg,0
0c155b9bd3.jpg,0
0c167be6fe.jpg,0
0c17b1877b.jpg,0
0c337afbc3.jpg,0
0c5feb3b50.jpg,1
0c7b5fdf90.jpg,1
0c96a375c1.jpg,0
0ca1d2158c.jpg,1
0ce55f354d.jpg,1
0cf259aa93.jpg,0
0d0b99e720.jpg,1
0d0e8567ca.jpg,1
0d1e29ac61.jpg,0
0d1eac8352.jpg,0
0d2fc91319.jpg,1
0d32e69623.jpg,0
0d5b2c8acd.jpg,0
0d63b08eb6.jpg,1
0d8031f778.jpg,0
0d89f2a109.jpg,1
0d9859f804.jpg,0
0da4b7f7bf.jpg,1
0dcaa12b8f.jpg,0
0de2e04a04.jpg,1
0de9b27b2d.jpg,1
0dfd6e7eb3.jpg,1
0e03ff1494.jpg,0
0e067dad81.jpg,0
0e1dac8ee8.jpg,0
0e2e9a4075.jpg,1
0e309fc90f.jpg,1
0e3988f485.jpg,0
0e69b276f8.jpg,1
0ecd2f5d6c.jpg,1
0f023761c4.jpg,1
0f10a540ae.jpg,1
0f318c59d9.jpg,0
0f4154b1b9.jpg,1
0f6e4039ba.jpg,1
0f8e6a3c9e.jpg,0
0f9908bb76.jpg,0
0fc0f3fe24.jpg,0
0feb249bf5.jpg,1
0ff20be57a.jpg,1
0ffe8d10b3.jpg,1
100583df81.jpg,0
105cf7caa3.jpg,0
1069e32806.jpg,1
109565595c.jpg,1
10db799786.jpg,0
1104bfa6c5.jpg,0
111ddfa759.jpg,0
11542befa2.jpg,0
115ac21dba.jpg,1
1168b6bc09.jpg,1
11987fa1db.jpg,1
119a576dc0.jpg,1
11ae804fdc.jpg,1
11da738e5b.jpg,0
11ddd75a2d.jpg,1
1206892d83.jpg,1
121e2d686e.jpg,1
122bdfa1cb.jpg,1
122d6a50dc.jpg,0
123db382fd.jpg,1
12c09a2987.jpg,0
12de1de52e.jpg,0
12f1b9bffe.jpg,0
13070dd976.jpg,1
136ae076b6.jpg,1
137508f39d.jpg,0
1389b9fb66.jpg,1
13d3d81444.jpg,1
13e44b7a9a.jpg,0
142825a50c.jpg,1
1443f757a5.jpg,1
149ff712e0.jpg,1
14ae7c6794.jpg,0
14b001d361.jpg,0
14c49bf665.jpg,0
14f37918f8.jpg,1
152241839e.jpg,1
15305454bd.jpg,1
1565d47052.jpg,1
156c581e9c.jpg,1
158404b5c1.jpg,0
158497c8b8.jpg,0
159a540d4b.jpg,1
161090eb2f.jpg,0
1630bcc4df.jpg,1
16328edc5d.jpg,0
163b1114cb.jpg,0
163fff35ae.jpg,0
164931f4a2.jpg,0
165ea88d0e.jpg,1
16a75b32ce.jpg,1
16b856e5e6.jpg,1
16d3a4e4a1.jpg,1
16d3cc83ae.jpg,0
16e1180c40.jpg,0
1704ffaaf2.jpg,0
17308d11b6.jpg,1
173fa4eff9.jpg,0
174546039c.jpg,0
1756108035.jpg,1
1758172f1d.jpg,0
175e14550e.jpg,0
1762a33f25.jpg,1
1789c2225e.jpg,0
17c083086c.jpg,0
17c4eaf5ba.jpg,0
17c875d5e1.jpg,1
17cc9a335c.jpg,1
17cddf57c7.jpg,1
17d1dda86b.jpg,1
17dc51bd53.jpg,0
1815d971f4.jpg,0
18353d56b0.jpg,1
1882d0ff9c.jpg,0
19112ee2ec.jpg,0
19155e7783.jpg,1
19541db587.jpg,1
19563b65b3.jpg,1
196f05f61d.jpg,1
197b5c1670.jpg,0
19ab6610f8.jpg,0
19b625e26d.jpg,0
19d7839a9c.jpg,1
1a0a8db74d.jpg,0
1a0b5321f7.jpg,0
1a2e0563fc.jpg,1
1a58abcc55.jpg,1
1a73d3c2b8.jpg,1
1a804f27e1.jpg,0
1a855d5a4e.jpg,1
1aa71aa826.jpg,1
1aacae83fa.jpg,0
1ae4236466.jpg,0
1af4316145.jpg,0
1b29ca630e.jpg,1
1b3e5c4f8e.jpg,0
1b57059622.jpg,0
1b68d18372.jpg,0
1b72c6b976.jpg,1
1b8472a89f.jpg,1
1b86e5315a.jpg,1
1b8da3269e.jpg,1
1ba690f42c.jpg,1
1bc0904afe.jpg,0
1bc2c7778b.jpg,0
1bc5d5cdaf.jpg,0
1bc9af87ca.jpg,0
1be3bb9dab.jpg,1
1bee130e71.jpg,1
1c1bb0bfc9.jpg,0
1c22acbc71.jpg,1
1c4091907d.jpg,0
1c42a84720.jpg,1
1c55bc874f.jpg,1
1c62216938.jpg,0
1c6bd5ae34.jpg,0
1c74d71a6c.jpg,1
1c97eeb983.jpg,1
1ccc85002b.jpg,1
1ce72b685b.jpg,1
1d0a407cf9.jpg,0
1d2ccd909b.jpg,1
1d3245bf6a.jpg,1
1d8a140936.jpg,1
1db6986fa1.jpg,0
1e2fb71cd6.jpg,0
1e3bead5d8.jpg,1
1e3ecc9a49.jpg,1
1e49dd3ba8.jpg,1
1e5488ef02.jpg,0
1e64c4c59d.jpg,0
1e8e99c461.jpg,0
1ebcd0fb98.jpg,1
1ece69f362.jpg,0
1edfb173ed.jpg,0
1ee6334a0c.jpg,0
1ee8c1c020.jpg,1
1f229dade6.jpg,0
1f5c5703a3.jpg,0
1f6691afdf.jpg,0
1f7221c307.jpg,1
1faacd7102.jpg,1
1fae12e4cb.jpg,1
1fb81ebed5.jpg,0
1fe374a0ba.jpg,0
1fed4260c1.jpg,1
1ff98be345.jpg,0
200e03905e.jpg,1
201608acfe.jpg,1
20bb1d978b.jpg,1
20be7f4579.jpg,1
20cbd87abc.jpg,0
20d647d891.jpg,0
20dbff9cb4.jpg,0
2122f8b27a.jpg,0
212e71c42a.jpg,0
213f45b9e6.jpg,0
2142c50482.jpg,0
2157ceb596.jpg,1
2161a8cb23.jpg,1
216c459296.jpg,1
21cf762f84.jpg,0
21e4ac1ce5.jpg,1
21ec617c35.jpg,0
21f9c29a82.jpg,0
21fc5bc616.jpg,1
22118d3012.jpg,1
22122c8ad2.jpg,1
2218746136.jpg,1
221f8dc3cb.jpg,1
222a02d062.jpg,1
22470ef81d.jpg,1
2291f31699.jpg,0
2297123d87.jpg,1
22a67c4835.jpg,1
22a87835c1.jpg,1
22d1258912.jpg,1
22e54fe78d.jpg,1
22eae5a295.jpg,0
23255749fd.jpg,0
23255e2a5e.jpg,0
232a42d35b.jpg,0
2354c8bb48.jpg,0
23683e952a.jpg,1
2375aa19f7.jpg,1
23aee044d6.jpg,1
23f6299d1e.jpg,0
2415f500d3.jpg,0
24232456cd.jpg,1
243814eaab.jpg,1
244a426a24.jpg,1
249d1433b9.jpg,1
24a1fe065b.jpg,1
24cf08972a.jpg,1
24d75611f6.jpg,0
24e3088c19.jpg,1
24f466bb7d.jpg,1
250412d7ce.jpg,0
2569d1e6ee.jpg,1
258039042b.jpg,1
25a6e8f8c6.jpg,0
25c8a4516f.jpg,1
25d3a2161e.jpg,1
25f3dce1b0.jpg,1
25fb3023a4.jpg,1
261f0b6000.jpg,1
262f222315.jpg,1
2646ed2066.jpg,1
266bdb8d70.jpg,0
2689dcd982.jpg,1
26d6f09209.jpg,1
27127cf867.jpg,1
272544783e.jpg,1
2727ffff5a.jpg,0
27304072db.jpg,0
275f1d1dee.jpg,1
2779022ee3.jpg,1
277c32741e.jpg,1
27b66dd970.jpg,0
27d1a10f8d.jpg,1
27d3048627.jpg,1
28009a149d.jpg,1
28302a558f.jpg,0
28693f9aac.jpg,0
28c3fe0a02.jpg,1
28cd626bf2.jpg,1
28db2cd833.jpg,0
2918f01d32.jpg,1
2929604270.jpg,1
292c82fb3b.jpg,0
2937d646ec.jpg,0
294efba79d.jpg,0
2983409df7.jpg,0
29bf3e1919.jpg,1
29ccdedf9f.jpg,0
2a095d30e1.jpg,1
2a290023be.jpg,1
2a2ef40844.jpg,0
2a47b7af5b.jpg,0
2a4cd3a7d3.jpg,1
2a89915702.jpg,1
2a8d63204e.jpg,0
2abc42c3fa.jpg,1
2ae9bcd35a.jpg,0
2af729a3fd.jpg,0
2b39d5c610.jpg,1
2b5ded8864.jpg,0
2b6a35dbd7.jpg,1
2b92dfba63.jpg,0
2b9bd9b197.jpg,1
2bf45593ee.jpg,1
2cb0a5dab4.jpg,1
2cef8de2f0.jpg,1
2cf6e14728.jpg,1
2cfa58c8b8.jpg,0
2d03e4f8ad.jpg,0
2d04bb6843.jpg,0
2d1fd29a84.jpg,1
2d636ee431.jpg,1
2d82cdca9c.jpg,1
2d8a022a71.jpg,0
2da2c509c7.jpg,1
2dc63e9c85.jpg,0
2dd7558ebf.jpg,1
2e3240833c.jpg,1
2e367f3d49.jpg,1
2e49686b31.jpg,0
2e5fcd3166.jpg,1
2e6c9c2acd.jpg,1
2e93b0232c.jpg,1
2e9fde166e.jpg,1
2ea84cbd46.jpg,1
2eb350b4b1.jpg,1
2ec1d29c2c.jpg,1
2eff60564a.jpg,1
2f073bb84b.jpg,1
2f2335db96.jpg,0
2f2d935ee5.jpg,0
2f78959d68.jpg,1
2f9eda3605.jpg,1
2fd3e5cf39.jpg,1
2fdf6fbc46.jpg,1
2fe4968a94.jpg,0
300246fd52.jpg,1
301b27d425.jpg,1
302635639b.jpg,0
3098a062b0.jpg,0
30b458ab12.jpg,0
30ca621545.jpg,0
30f2ea6095.jpg,1
30fc7c8527.jpg,1
30fcc264ba.jpg,0
311743a76d.jpg,0
31360111aa.jpg,0
313f342383.jpg,0
315708cad7.jpg,1
318bb692c9.jpg,0
31c9914ad4.jpg,1
32023da00e.jpg,1
3205678edc.jpg,1
32189139a2.jpg,1
3229f6aed4.jpg,1
322f606db2.jpg,0
32adea5fb1.jpg,1
32d71cc223.jpg,1
32e3760209.jpg,0
33169e9064.jpg,0
334799bd52.jpg,0
3366495656.jpg,0
33b2ff1a95.jpg,1
33b4073f09.jpg,1
33ef77ea9f.jpg,0
33ffcb62f2.jpg,0
342e4b1474.jpg,1
3448a2b4a1.jpg,0
347af0af68.jpg,1
3491262ce1.jpg,1
34bb0d77d5.jpg,1
34c2c89cba.jpg,1
34d638479a.jpg,0
34ea9d0ddc.jpg,1
35bd006842.jpg,1
35c3912a81.jpg,1
35caee35c5.jpg,0
35e7f51531.jpg,1
35f9daa99b.jpg,1
36132afe59.jpg,1
3628683aea.jpg,1
36412a3357.jpg,0
36c93c3580.jpg,1
36df37b35b.jpg,0
36e529d31d.jpg,1
36e666bf6f.jpg,0
3729fec7e1.jpg,1
372c4e7b38.jpg,0
37358ee341.jpg,1
37528180ab.jpg,0
3760de808c.jpg,0
37765bff01.jpg,0
378e2bee0d.jpg,0
3793e5d14b.jpg,1
37acf7b884.jpg,1
37f2d12a21.jpg,0
37f3f2e49f.jpg,0
37f8b13680.jpg,1
3850c927fb.jpg,1
386936c040.jpg,1
389ff89f18.jpg,0
38b4eb0263.jpg,1
38c8f0c22b.jpg,1
38cb19cef8.jpg,0
38f9a0b13d.jpg,0
39124332b5.jpg,0
3924cfa169.jpg,0
39304c7968.jpg,1
39497e32c5.jpg,1
3965e315f2.jpg,0
39bcf16ff7.jpg,1
39c40a1766.jpg,0
3a2064722a.jpg,0
3a37695a4b.jpg,0
3a4723879a.jpg,1
3a66919f36.jpg,1
3a7787b91a.jpg,1
3a7b83a70b.jpg,0
3a803ed08d.jpg,1
3ab1c0073b.jpg,1
3abf3ed34f.jpg,0
3ac05cb5f3.jpg,0
3aca5d26e6.jpg,0
3ad184f28f.jpg,1
3ad2034dee.jpg,1
3addc90ac8.jpg,0
3ade5073cd.jpg,1
3b21c6d059.jpg,1
3b2a1e84dd.jpg,0
3b3310aecc.jpg,0
3b7e305642.jpg,1
3b7f7ba6be.jpg,1
3b8a592619.jpg,1
3bbe8a9e58.jpg,0
3bc3f7e93d.jpg,0
3bc563f9eb.jpg,0
3bca899e95.jpg,1
3c69cee37f.jpg,1
3c81ee192c.jpg,0
3ccf9ca631.jpg,0
3cf0c0f295.jpg,0
3d0d89604b.jpg,0
3d2d02ef32.jpg,0
3d3829ecc6.jpg,1
3d39328f1c.jpg,0
3d4907b5c2.jpg,1
3d4d8d9f48.jpg,1
3d99285a8c.jpg,1
3da45e3a05.jpg,1
3da660d2ec.jpg,1
3daa2d19f6.jpg,1
3db8da7b7f.jpg,0
3dc489aec0.jpg,1
3dcc0cdecf.jpg,1
3e0adfb989.jpg,1
3e2a6b7798.jpg,0
3e30ae0406.jpg,0
3e7e79c22e.jpg,1
3e94660d3e.jpg,0
3ea56564f3.jpg,1
3ea89ae634.jpg,1
3eb27af321.jpg,0
3ecc87e3ba.jpg,1
3ef32302e1.jpg,0
3f18cca124.jpg,0
3f40983155.jpg,0
3f428fa749.jpg,0
3f4980cb5d.jpg,0
3f5437b368.jpg,0
3fab0802ba.jpg,1
3fcf201e47.jpg,0
4007c14130.jpg,0
4014dd69ac.jpg,1
4025649cf8.jpg,1
405d029d34.jpg,1
406b01615e.jpg,1
406f9ab396.jpg,0
40e39c4f6e.jpg,1
4100eb3c89.jpg,0
413ab0692a.jpg,1
417b0eef4d.jpg,0
417dfc44cd.jpg,0
418a233c64.jpg,0
41c72a1f84.jpg,0
42250d6d18.jpg,0
422945e8e2.jpg,1
42523f174d.jpg,0
426a196048.jpg,1
429bb7eaa1.jpg,1
42fa67f706.jpg,1
43016cb8a1.jpg,1
430e1c16b4.jpg,1
4317145611.jpg,0
432240c7ad.jpg,1
433494d8f9.jpg,0
43372b5cef.jpg,0
433bf78482.jpg,0
4345b96940.jpg,0
43634987fc.jpg,1
4375db1ee8.jpg,0
4379d0ebe1.jpg,0
439cd40812.jpg,0
43ba971467.jpg,1
43e9250acd.jpg,0
44016d2265.jpg,1
4404f8015c.jpg,0
440e75dedd.jpg,1
4435c083cc.jpg,0
4439d47e7d.jpg,1
446328d5b9.jpg,0
44878a6314.jpg,1
4493e5e591.jpg,0
44978bd39e.jpg,1
449bef3878.jpg,1
44a5e205ec.jpg,1
44adffce45.jpg,0
44b9998075.jpg,0
44d23ba2a7.jpg,1
44fcd6d370.jpg,0
452ecad152.jpg,0
45819c1b85.jpg,1
45a2fdf6af.jpg,1
45a36f3096.jpg,1
45b2a0ac7f.jpg,1
45bbda8c47.jpg,0
45cdf8bb2e.jpg,1
45e3edf57f.jpg,0
45eb0ec094.jpg,0
45f27e149a.jpg,1
46476e1966.jpg,1
466a9dd70e.jpg,0
46730a2f04.jpg,1
46c76f1fee.jpg,0
46cc2e2b03.jpg,0
46d7143a84.jpg,1
46e63e6552.jpg,1
46f0b73186.jpg,0
46fceb42c2.jpg,0
472b7342d6.jpg,0
472fded9b4.jpg,1
473c4a4920.jpg,1
475bae48a2.jpg,0
4763558671.jpg,1
479eed6fd4.jpg,0
47a41f5d83.jpg,0
47aefec631.jpg,0
47b2fa3d37.jpg,1
47d0902d60.jpg,1
47f5af703d.jpg,1
48054d94df.jpg,1
481f35c78f.jpg,1
483c4b70af.jpg,1
4842dfafd0.jpg,1
486bf5fe28.jpg,1
4871963d58.jpg,1
4880bf011e.jpg,0
48ad76010c.jpg,1
48f9714e88.jpg,1
48fedbce7c.jpg,0
4906f4b0a5.jpg,1
490f1fb5fb.jpg,1
4972537caa.jpg,1
4999c337bf.jpg,1
499ba53db0.jpg,1
499fc21864.jpg,1
49a85b7879.jpg,1
49cf798081.jpg,0
49ec6b8ddb.jpg,1
4a24024885.jpg,1
4a31407ee7.jpg,1
4a3ce3f601.jpg,1
4a73abcd02.jpg,1
4a96a88566.jpg,0
4ab36cac2c.jpg,0
4ac97bb7bf.jpg,1
4ae38c94fc.jpg,0
4afb1d054b.jpg,0
4afed03d68.jpg,1
4b49bf8616.jpg,0
4b6287d75a.jpg,0
4b63847cb4.jpg,0
4b8005130f.jpg,0
4b85e611cd.jpg,1
4babeb4da6.jpg,0
4bb038e327.jpg,0
4bd7a9be6d.jpg,0
4bf5a09e76.jpg,0
4c06b6cea4.jpg,1
4c299bb364.jpg,1
4c3d9d8da1.jpg,1
4cdeadf41c.jpg,0
4cf9a5e672.jpg,0
4cfdfe323e.jpg,0
4d04fe7e24.jpg,0
4d107ddc52.jpg,1
4d305a247b.jpg,1
4d33dc243b.jpg,1
4d40b65e4f.jpg,0
4d4fd3ef20.jpg,0
4d66863c0a.jpg,0
4d9d83eb1e.jpg,1
4dc64f279d.jpg,0
4dff4d72d0.jpg,0
4e1c188f22.jpg,1
4e60346e56.jpg,1
4e8e0329cf.jpg,1
4e9c73946a.jpg,0
4e9c9abe81.jpg,0
4eb44780d3.jpg,0
4ec2ba1b03.jpg,1
4ec6baae08.jpg,1
4ec8e09b10.jpg,0
4ee2168f36.jpg,0
4ef54ef5cf.jpg,0
4f165ae67b.jpg,1
4f9a8c3c65.jpg,0
4faf0d51d8.jpg,1
4fd89d7821.jpg,0
4fe6eeb2b3.jpg,0
4fe7adf7bc.jpg,1
4fefa66549.jpg,1
502aa881b9.jpg,1
5056d1f7c1.jpg,0
505c43c216.jpg,1
50a9ebf6e1.jpg,1
50e99e414e.jpg,0
50ef0bbe1f.jpg,1
50efa893df.jpg,1
5107faacb0.jpg,1
510f670c83.jpg,1
515bf5e405.jpg,1
515ea5fe29.jpg,0
517e470824.jpg,1
5194f2cf36.jpg,0
51a5f3e00d.jpg,1
51d772e2b6.jpg,1
51dd9eaa5c.jpg,1
5224859135.jpg,1
523c440938.jpg,0
527cc422de.jpg,0
5283baebc4.jpg,0
528dee1b95.jpg,0
52a718c53c.jpg,0
52acf337d1.jpg,1
52ae0f8d19.jpg,0
52bb301c47.jpg,1
52e11a56ac.jpg,0
52fd89d32c.jpg,0
535460d9b5.jpg,1
5362e8562c.jpg,0
53796925a5.jpg,0
537d954dc0.jpg,0
5390fcec4b.jpg,1
53973cf622.jpg,0
53a56fb9c4.jpg,1
53c2a5632c.jpg,1
53dcfcbd7a.jpg,1
53efd23976.jpg,0
54334248b4.jpg,0
5461ada0f9.jpg,1
5484b637f1.jpg,0
548a4a3cf6.jpg,1
54d1e44e60.jpg,0
54d6fc6494.jpg,1
54e995afc3.jpg,1
54eea3a210.jpg,0
550646641e.jpg,0
55109efccc.jpg,0
553167e52c.jpg,0
5549556d9f.jpg,0
5550f58780.jpg,0
555d0d8821.jpg,0
5561496917.jpg,0
55702735d1.jpg,0
55d40012db.jpg,1
55dd395674.jpg,1
55eb3e890e.jpg,0
55f60a5d4b.jpg,1
55fadc28cd.jpg,1
561b828208.jpg,0
5621a4cd91.jpg,1
563ee34d37.jpg,0
56450cb5c7.jpg,0
56580d7f84.jpg,1
56722beac3.jpg,0
5675b57dca.jpg,1
5695be435f.jpg,0
56f3679673.jpg,1
56fc4c759b.jpg,1
57054c4862.jpg,0
570abf7455.jpg,0
57169f273a.jpg,0
572ed0a7ce.jpg,1
576578e287.jpg,1
57c61676b5.jpg,0
57cccbb091.jpg,1
57cfe834c7.jpg,0
57d58eee2a.jpg,1
57da558694.jpg,0
57fba19bee.jpg,1
57fbedd56b.jpg,0
580e5f58b1.jpg,0
58265c2269.jpg,1
5841ba4e8f.jpg,1
5845260f07.jpg,1
585c3c85ae.jpg,0
586b297b87.jpg,1
58e2c5db17.jpg,1
5908923186.jpg,1
59105d02fe.jpg,0
59619cacd6.jpg,0
59729ac2ac.jpg,1
599abe3543.jpg,0
599be77956.jpg,1
599e2f535a.jpg,1
59a4a72e6f.jpg,1
59a5ff370a.jpg,0
59e698822f.jpg,0
5a2c72f10c.jpg,0
5a32fb4c77.jpg,1
5a3c13c689.jpg,1
5a44234fff.jpg,1
5a5ee16e44.jpg,0
5a6572fc77.jpg,1
5a7633c105.jpg,1
5a8f38864c.jpg,0
5a9637a6e8.jpg,0
5b06c4b467.jpg,0
5b3700a894.jpg,1
5b3e5607fe.jpg,1
5b5d5b9f12.jpg,1
5b6fc89ae7.jpg,0
5b7b1ecd9c.jpg,1
5b7baf124f.jpg,0
5b83a06c1a.jpg,0
5b982b76ce.jpg,1
5babad6e64.jpg,1
5bdc707a9a.jpg,1
5c0790d280.jpg,0
5c2c2d25f5.jpg,1
5c6320fa1f.jpg,0
5c8556e60e.jpg,0
5c8e48d4ea.jpg,1
5c9f8ae98b.jpg,1
5ca513ebef.jpg,1
5ccd6f1521.jpg,0
5d033713d7.jpg,1
5d3cb33007.jpg,1
5d4f922e25.jpg,0
5d72037b41.jpg,1
5d90a527e2.jpg,1
5dc35b8474.jpg,0
5e1c6eb722.jpg,1
5e32dd177e.jpg,0
5e380d79b0.jpg,1
5e6693247f.jpg,0
5e6da3036d.jpg,1
5e87156f34.jpg,1
5e93cac4cc.jpg,0
5f09106acc.jpg,0
5f448bbdbd.jpg,0
5f8a3c6aaa.jpg,1
5fb2446fe6.jpg,1
5fc3c19ee1.jpg,1
5fce938689.jpg,0
5fef4a56a3.jpg,1
6007ea260b.jpg,0
6010595f70.jpg,1
603686352f.jpg,1
604a40eeaa.jpg,1
604f1e7de8.jpg,0
60f2ee3cd6.jpg,1
60f3ab1d7e.jpg,1
60ff03811e.jpg,0
60ff633a89.jpg,0
610958bb26.jpg,1
611411ab89.jpg,1
611b7ec781.jpg,1
615ff1be04.jpg,1
617ad0f5d2.jpg,0
61a25ffedb.jpg,1
6205b9f7d6.jpg,1
62163af2f5.jpg,0
6220266c51.jpg,1
62216dfc98.jpg,0
622737ee93.jpg,0
62580d598f.jpg,0
6259b79e15.jpg,0
625f87673f.jpg,0
62647688e4.jpg,0
627184c4a3.jpg,0
62c43c4b1b.jpg,1
62c5b268ef.jpg,0
62ec7d46a0.jpg,1
6382950826.jpg,0
63a5f91e4f.jpg,0
63c471cfdc.jpg,0
640340753c.jpg,0
6404655d61.jpg,0
646ef2d524.jpg,1
647b9ea6ad.jpg,1
647dffdb16.jpg,1
64d31da854.jpg,1
64ec74f155.jpg,1
64ed5a4a4f.jpg,0
6507d49e3c.jpg,1
650ea4b039.jpg,0
653fe0a05a.jpg,0
6541f5e75a.jpg,1
65571f596a.jpg,1
6562020c62.jpg,0
6564c8229d.jpg,0
657eee7819.jpg,1
65a9ccf2ca.jpg,1
65bee0869d.jpg,1
66280a3461.jpg,0
662ba68e9a.jpg,1
668f80d09a.jpg,1
66d6785458.jpg,0
66f5142aed.jpg,0
67302d6723.jpg,0
677215836b.jpg,0
6786ca2f67.jpg,1
67897544bb.jpg,1
67d73db5c2.jpg,0
682c84c453.jpg,0
683db1c82c.jpg,0
689ba08582.jpg,1
68a785cd1c.jpg,0
68b97f9675.jpg,1
68d361ac58.jpg,1
68ebe4f77b.jpg,1
6937dfcfc5.jpg,1
696388577d.jpg,1
69769207d2.jpg,0
69a4f57724.jpg,0
69d50ed39d.jpg,1
6a0ad72c34.jpg,0
6a11d2a6be.jpg,1
6a237c7766.jpg,0
6a3b1d75ca.jpg,0
6a4748212b.jpg,1
6a7c467fde.jpg,1
6aa6958b0d.jpg,1
6abc55b658.jpg,1
6ae267d578.jpg,1
6ae32c20bf.jpg,0
6af33d757d.jpg,0
6b1004c5d2.jpg,1
6b274e983e.jpg,0
6b2e9de95d.jpg,0
6b4f41fd22.jpg,0
6b813d63f8.jpg,0
6b9fa95e31.jpg,0
6ba0506d24.jpg,1
6bab379da9.jpg,1
6bbfe41e88.jpg,0
6bda950799.jpg,1
6bf86a7d0d.jpg,1
6c0280b34b.jpg,0
6c2f605fd5.jpg,1
6c5fc2ebc3.jpg,1
6c78c24b20.jpg,1
6ca4812477.jpg,0
6cb6fb4700.jpg,0
6cbb111422.jpg,1
6cef7ef646.jpg,0
6d59103c20.jpg,1
6d5b1a243a.jpg,0
6d663126d7.jpg,0
6d77c0d224.jpg,0
6d83deca17.jpg,0
6d8ac8cc05.jpg,1
6d97c5dac0.jpg,1
6da9148167.jpg,1
6db7d9c941.jpg,0
6dbe6ef8ac.jpg,1
6dd12791fd.jpg,0
6e001dec60.jpg,0
6e06d921e0.jpg,1
6ea876ec34.jpg,0
6eaea3ef6b.jpg,1
6eb8135c9a.jpg,0
6ed81fab46.jpg,1
6ef2a5399d.jpg,0
6ef5712f43.jpg,1
6f1077d4cd.jpg,1
6f4f3f4ef2.jpg,1
6f576b06e9.jpg,1
6f82b572a9.jpg,0
6fa1d7a1a6.jpg,1
6feb031ef9.jpg,1
6feedbded6.jpg,0
7010db187d.jpg,1
703b81bca6.jpg,0
7053fee0ef.jpg,0
706f8628bb.jpg,0
7086f12ee2.jpg,1
708a004dfc.jpg,0
70cda0eb7b.jpg,0
70efcbfeff.jpg,1
70facfbe41.jpg,1
70fcf2cecc.jpg,1
71107b16b6.jpg,1
71137abb44.jpg,0
71197dab39.jpg,0
714ee00131.jpg,1
7173baa3c3.jpg,0
71d19f7214.jpg,1
71df03c982.jpg,0
71e4962cc9.jpg,1
71f6df4225.jpg,0
71fd9e0aff.jpg,0
720548a349.jpg,0
72090a0986.jpg,1
7212e9b66d.jpg,1
721df9c75b.jpg,0
7225c669e9.jpg,1
723b41ca1e.jpg,1
72a8f7fbd1.jpg,1
72b49b87b2.jpg,0
72cd049fd3.jpg,1
72e1349808.jpg,0
72eb61126f.jpg,0
72eb9a96ad.jpg,0
7330de4fb6.jpg,0
733885ccd4.jpg,1
7378849e75.jpg,0
73900a9da9.jpg,0
73a4a7efa1.jpg,1
73a8b639b4.jpg,1
73cf2c707e.jpg,1
73d8317b84.jpg,1
73fa08e03a.jpg,0
7442a33fab.jpg,1
746ca7f820.jpg,0
747606227a.jpg,1
747736304f.jpg,1
747824bc9f.jpg,1
747dba50f9.jpg,1
74a7258097.jpg,1
74c1ed29c3.jpg,1
74cd452f1b.jpg,0
74da8a1706.jpg,0
74f3c431b6.jpg,1
752630b0d7.jpg,0
7531ce4f0b.jpg,0
753aa7fbfc.jpg,1
7570441206.jpg,0
757a38c53d.jpg,1
758162410c.jpg,0
75943a3eaf.jpg,1
762c8b19e6.jpg,0
762cecb81c.jpg,1
763219a27c.jpg,0
76347f219d.jpg,1
77195039eb.jpg,1
773322ec52.jpg,1
777e3b36e6.jpg,1
779ecd70c1.jpg,0
77b8e14264.jpg,1
77c8edce91.jpg,1
781b4f831b.jpg,1
783875dca7.jpg,1
785c59ee48.jpg,1
791a05667b.jpg,1
794434d3a5.jpg,1
794bf151d5.jpg,0
79661bdd2f.jpg,1
798964ade2.jpg,1
79b4bad291.jpg,0
79c590f0a3.jpg,1
79dc6b1890.jpg,0
7a3cb9daa8.jpg,1
7a8182a537.jpg,0
7abcc0af16.jpg,0
7ac186aeff.jpg,1
7b1c18fc7a.jpg,1
7b1cbbbd5b.jpg,1
7b68b79100.jpg,1
7b87b1c629.jpg,0
7b994b3a55.jpg,0
7bb54db2db.jpg,0
7bb5808f5c.jpg,1
7be6e51beb.jpg,0
7bf106744f.jpg,1
7c1054f9e2.jpg,0
7c132670a3.jpg,0
7c472e48ca.jpg,0
7c604af06a.jpg,1
7c808b0587.jpg,1
7ce3de4ac7.jpg,0
7ceb4d976f.jpg,1
7d111838b9.jpg,0
7d61f1d4c0.jpg,1
7d721c4ea4.jpg,0
7d99dbc4fb.jpg,1
7dada9d5db.jpg,0
7dfd187dc5.jpg,0
7e1c35f2e6.jpg,1
7e4202d1e4.jpg,0
7e6f4decce.jpg,0
7e7ecbab1f.jpg,0
7e7efd020b.jpg,0
7ea4bcfb18.jpg,0
7eb11b32e3.jpg,0
7ed377032b.jpg,0
7f4b5540d0.jpg,0
7f7397bfb1.jpg,0
7f96672c67.jpg,1
7fb3ce5b1b.jpg,0
7fcc77a60d.jpg,1
7fd81c725c.jpg,1
7fec7dd7a9.jpg,0
80078cb29d.jpg,0
806875fc87.jpg,0
8080167d70.jpg,1
809df45153.jpg,0
8107b366de.jpg,0
8116e6be24.jpg,0
8122704f31.jpg,1
8135847ca6.jpg,0
8142f2e1be.jpg,0
8142f5f71b.jpg,1
814c22231c.jpg,0
816da92cdd.jpg,1
81bca95546.jpg,1
81c00bf843.jpg,1
8209792b20.jpg,0
82160b2388.jpg,0
82235292e5.jpg,0
823453b1bb.jpg,1
826db4830a.jpg,0
82709ed74f.jpg,0
8271bebf8f.jpg,1
827d42331c.jpg,1
8282f3f94e.jpg,0
828e62fb9e.jpg,0
8291259cea.jpg,1
829de773d5.jpg,0
82aba07269.jpg,1
82b19a084b.jpg,1
82b32e6d57.jpg,1
82b43fe1c6.jpg,0
82b7e24a82.jpg,0
82bdce019c.jpg,0
82c6ab3d9f.jpg,0
82ce270cb4.jpg,1
82eb8b801a.jpg,1
8319dc5c6e.jpg,0
831d16f948.jpg,0
832345bd53.jpg,1
8325fca332.jpg,1
8344a32e1f.jpg,1
8380b8cbd3.jpg,1
8385a81a46.jpg,0
838897176b.jpg,1
83bd2c8b13.jpg,1
83d19e2772.jpg,1
83f2e34858.jpg,1
83fc831f68.jpg,1
8405c93e65.jpg,0
843567a105.jpg,1
8480694627.jpg,1
848071e4b7.jpg,0
84ba88b4b0.jpg,1
84ef52dd3f.jpg,1
8500335440.jpg,0
8507c4e99c.jpg,1
851d0f929f.jpg,0
852d79ceeb.jpg,0
853c860412.jpg,0
85492e3e6d.jpg,0
8553d346e6.jpg,1
85645dadb2.jpg,0
857ebb2779.jpg,1
8594caca87.jpg,0
85a1996969.jpg,0
85adb11529.jpg,0
85fa3516da.jpg,1
861a1dbcf3.jpg,0
861f552386.jpg,0
86a9a55bb8.jpg,0
86b31415e7.jpg,1
8702671945.jpg,1
8712749852.jpg,0
87172ebd62.jpg,0
872f865fed.jpg,0
87488a48c6.jpg,0
87787499ec.jpg,1
8782e45ea9.jpg,1
879ecfd92e.jpg,1
87ee1b2000.jpg,0
880c353d94.jpg,1
8811a5d375.jpg,1
883a8646a6.jpg,0
889596ec56.jpg,1
88bdaa1a32.jpg,0
88ca29ab21.jpg,1
88d3e3f227.jpg,1
88f69f06d0.jpg,0
890a07bd22.jpg,1
8914349ba5.jpg,1
891541a85e.jpg,1
895a7f7b4b.jpg,0
895be250cd.jpg,0
89b62290fd.jpg,1
89e577b00a.jpg,0
8a1947c9c5.jpg,1
8a27b3500b.jpg,0
8a2b99d062.jpg,1
8a4316b5ec.jpg,1
8a83bbbd64.jpg,1
8ac9656870.jpg,0
8adc37ca00.jpg,1
8b675ce572.jpg,1
8b70b333f8.jpg,0
8b766ce0d7.jpg,0
8bb1e1107e.jpg,1
8bc65f29b2.jpg,1
8be38620db.jpg,0
8bf5241e18.jpg,1
8c25224d47.jpg,1
8c28b7a86b.jpg,1
8c52c46b21.jpg,1
8c6f1f98bd.jpg,0
8c91b3a394.jpg,0
8cb79fa021.jpg,1
8cc932f492.jpg,1
8d287843b0.jpg,0
8d3c646862.jpg,1
8d67296ebc.jpg,1
8d766447f8.jpg,1
8d951c8abb.jpg,1
8da553ab02.jpg,0
8da7d2ad40.jpg,0
8db8680806.jpg,1
8db90b3774.jpg,0
8dccbcfcd8.jpg,0
8dfc402473.jpg,1
8e1ded26d7.jpg,1
8e2089b29e.jpg,1
8e46188f51.jpg,0
8e4ec27bb3.jpg,0
8e50e8673f.jpg,1
8e75f1fc1d.jpg,1
8e789273a4.jpg,0
8e9db0957c.jpg,1
8eaf9259e0.jpg,0
8eb57dc4ef.jpg,0
8ec04733cd.jpg,0
8eceb7b3dd.jpg,0
8edb020386.jpg,0
8edd082f9a.jpg,1
8ee00ac76c.jpg,1
8f25f09373.jpg,1
8f38bcdeb4.jpg,0
8f5a9c7ce9.jpg,1
8f5ea79688.jpg,1
8f83dd5881.jpg,0
8f95bdc91e.jpg,0
8fbe0640cf.jpg,1
8fd8f35995.jpg,0
907ed81d57.jpg,1
90ac587a48.jpg,1
90b69c42ef.jpg,1
90e175a87a.jpg,1
9105485aee.jpg,0
9107c85abc.jpg,0
914ee3654c.jpg,0
91d93bb89b.jpg,0
9218195de0.jpg,1
921d8d139c.jpg,1
92303f2d31.jpg,1
9240478d88.jpg,0
92682f9e22.jpg,1
928f53cc0f.jpg,1
92a1ea8997.jpg,0
92ac66a834.jpg,1
92ad28a7fb.jpg,1
92b4328c1b.jpg,1
92be92b793.jpg,0
92cd6f57e8.jpg,1
92db7d5fe7.jpg,1
9328023c65.jpg,0
938101c730.jpg,0
93a0ef6c50.jpg,1
93b40311c7.jpg,1
93bc1e32d4.jpg,0
93c20eaab6.jpg,1
94cc8b22d5.jpg,0
94ebecb4f8.jpg,0
94f1528659.jpg,1
9574816d37.jpg,0
958eb47d00.jpg,1
95dc287836.jpg,0
95e1535f05.jpg,0
95eef91b37.jpg,1
95fca26706.jpg,0
960b0fb619.jpg,1
9612020650.jpg,1
964a038e0d.jpg,1
96633876c7.jpg,1
966efc611e.jpg,0
967ca3579f.jpg,1
969abf1c80.jpg,1
9706b4b877.jpg,1
9723b72293.jpg,1
9741bb1e44.jpg,1
977d9c827b.jpg,0
97c2632c8e.jpg,1
97f738cab8.jpg,0
9808ffd92a.jpg,0
981cf537ac.jpg,0
98207ad0b4.jpg,0
9825f4c807.jpg,0
9837ff3716.jpg,1
98650c5640.jpg,0
986f497b40.jpg,1
9871c56736.jpg,0
989ae6c696.jpg,1
98af5407dd.jpg,0
98d31b37e2.jpg,0
98e85fa4d5.jpg,0
99105a2c5d.jpg,1
992565f76d.jpg,0
9936e40c2d.jpg,0
99396c4a2b.jpg,0
996237dd3a.jpg,1
9997cccd02.jpg,1
99a1af480f.jpg,0
99a3e77b75.jpg,1
99cb7a7e7a.jpg,1
9a6955b6ae.jpg,0
9a73c3c35a.jpg,0
9a9f29d582.jpg,1
9acb03bfbc.jpg,1
9ae699b4d6.jpg,0
9aecde304d.jpg,1
9b024262c4.jpg,0
9b1904c6e4.jpg,0
9b3f969629.jpg,1
9b98c05e10.jpg,0
9b9a86e1e4.jpg,1
9baa8c116a.jpg,1
9bc7dbc33b.jpg,1
9bd1a96861.jpg,0
9be8a9e4d9.jpg,1
9bef05b3ec.jpg,0
9bf4250f2b.jpg,1
9c00df02a7.jpg,1
9c23e82777.jpg,0
9c2ad53e9d.jpg,1
9c681f5990.jpg,0
9cd0e176ea.jpg,0
9cf15e3c00.jpg,0
9d0018609b.jpg,1
9d222d0c44.jpg,1
9d5a0e9a1e.jpg,1
9d5e6ad185.jpg,1
9d668b8b02.jpg,0
9d7f5e4855.jpg,1
9d833b80ee.jpg,0
9d87b466ac.jpg,1
9d8f8c0957.jpg,0
9d93f959a4.jpg,1
9d9423a169.jpg,1
9dc88ff28b.jpg,0
9e54a38e62.jpg,0
9e5defa2c1.jpg,0
9e8cc2b3f3.jpg,1
9f14829964.jpg,0
9f2a7074ae.jpg,1
9f2e3262f7.jpg,0
9f355da2a4.jpg,1
9f3f1f0374.jpg,1
9f798385f8.jpg,0
9fb6e006e7.jpg,1
9fbdb7cbe2.jpg,1
9fc3aac7cd.jpg,1
9fd17b3752.jpg,0
a00a71c057.jpg,1
a00df5c870.jpg,0
a038134cd8.jpg,1
a079efd65d.jpg,0
a082c58398.jpg,1
a0d4e54b8e.jpg,1
a0dcf7a225.jpg,1
a0e9f02b59.jpg,0
a1160c206e.jpg,1
a143f7fb80.jpg,1
a154178826.jpg,1
a185c590fe.jpg,0
a19f3818ad.jpg,1
a1f0bdbeb9.jpg,0
a20b6e50db.jpg,1
a227005704.jpg,1
a2425bcadb.jpg,0
a25744d38f.jpg,0
a271e50f76.jpg,0
a276cc23ca.jpg,1
a2a51036d2.jpg,0
a2ad7548a1.jpg,0
a2db71985f.jpg,0
a2ec3f7613.jpg,0
a310e633e1.jpg,0
a340489240.jpg,1
a3481e525e.jpg,1
a35f554a4a.jpg,0
a370b81ba2.jpg,1
a379c7ae55.jpg,1
a385a5582f.jpg,1
a38b1ac7ae.jpg,0
a38ddeba27.jpg,1
a394a4ca9c.jpg,1
a3dd9878f0.jpg,1
a3f9015777.jpg,0
a413f55251.jpg,1
a4245d3dd2.jpg,1
a42a9a3e16.jpg,1
a43e9dbc5a.jpg,1
a461237c22.jpg,0
a46f41276a.jpg,0
a4a11b1e54.jpg,0
a4ad62c721.jpg,1
a520ae8551.jpg,1
a523f3227d.jpg,0
a53aaea799.jpg,1
a5591091cd.jpg,0
a568a78aa6.jpg,1
a56a12394d.jpg,1
a589cc8a4f.jpg,0
a5ad7e5bb5.jpg,0
a5e10afb83.jpg,0
a61395f83b.jpg,1
a62a6ecfb5.jpg,1
a67cb14435.jpg,1
a69b905720.jpg,0
a6b3985684.jpg,1
a6b5016c68.jpg,1
a6e8a7cf1b.jpg,0
a6ec9cfb78.jpg,1
a6fb8606c9.jpg,1
a6ffb7d42c.jpg,1
a703309f72.jpg,0
a714f31fc2.jpg,0
a71c300844.jpg,0
a7307bb1cc.jpg,1
a737ae22b1.jpg,0
a7432008b7.jpg,1
a7b8a95868.jpg,1
a7cf7a936f.jpg,0
a849f04b34.jpg,0
a84c709e2f.jpg,1
a85072c840.jpg,1
a8909ccfbb.jpg,1
a8bd129599.jpg,1
a8dbd66545.jpg,1
a908283cf0.jpg,1
a9484f74b5.jpg,1
a94a681a0e.jpg,1
a95401b7fb.jpg,0
a99cfdf792.jpg,1
a9a1459119.jpg,1
aa3f6b8b9b.jpg,0
aa5863c371.jpg,0
aa6e0b3612.jpg,1
aa7aa9aa08.jpg,0
aaa23e214a.jpg,1
ab215ad4c5.jpg,1
ab28414f6c.jpg,1
ab64f1da10.jpg,1
ab6ec1b1bc.jpg,0
ab86fd367d.jpg,1
abfb060e67.jpg,1
ac2ba4c78f.jpg,1
ac4ce157eb.jpg,1
ac5a4a0d8e.jpg,0
ac69540f73.jpg,1
ac6c7b4272.jpg,1
ac7e79c3d1.jpg,1
ac8fe7e8ba.jpg,1
acafbb3284.jpg,1
acb60be44e.jpg,0
acbfb949e3.jpg,1
accd5b31fd.jpg,1
acf8e7de46.jpg,1
ad0b7711d6.jpg,0
ad1f3613b1.jpg,0
ad34e149ae.jpg,1
ad3ec69afd.jpg,1
ad63a1d363.jpg,1
ad6ee49942.jpg,1
ad70097f04.jpg,1
ad7266d142.jpg,1
ad7e011f95.jpg,0
ad9c4059f5.jpg,1
adb918593f.jpg,1
adf71144c3.jpg,1
ae03d89539.jpg,1
ae1b7b76d0.jpg,1
ae35b6631a.jpg,0
ae5930d570.jpg,1
ae72f4f0a2.jpg,1
ae75b0d7d3.jpg,1
ae7a08ef4e.jpg,1
ae8c20ce56.jpg,1
aead7dbf18.jpg,0
aeb9929926.jpg,1
af337c9640.jpg,1
af4094a12e.jpg,0
af8e1b3b12.jpg,1
afa656cc34.jpg,0
afb4ab9da2.jpg,1
afc543d06a.jpg,1
affa77f599.jpg,1
b01689a245.jpg,1
b021904678.jpg,0
b0296e39ae.jpg,0
b02dc8b85e.jpg,1
b03b77223a.jpg,1
b03f97a7f1.jpg,0
b048f7a441.jpg,0
b04ae661d8.jpg,1
b05b25457b.jpg,1
b05dc89f97.jpg,0
b07351ec08.jpg,0
b0a521b7d3.jpg,0
b0d0f3f156.jpg,1
b0f4a8dc34.jpg,1
b128b3f562.jpg,0
b1414024e7.jpg,1
b169fddd2e.jpg,1
b16efafff8.jpg,1
b1744f3e2f.jpg,1
b196966b36.jpg,0
b1a022a4a8.jpg,1
b1b1f28f84.jpg,1
b1b9efd51a.jpg,1
b1fcd7fe9f.jpg,1
b25c0bb777.jpg,1
b28c920655.jpg,0
b2cf6a5b97.jpg,1
b2e76ad269.jpg,0
b2ef1d82a3.jpg,0
b30bff80ab.jpg,0
b3102a72e2.jpg,1
b32bd4a0a7.jpg,1
b33f0aac2c.jpg,1
b340225152.jpg,1
b340b88685.jpg,0
b34e40d9d6.jpg,0
b36339c69c.jpg,1
b3857db71a.jpg,0
b3b5d1b5a3.jpg,0
b3cf5b254a.jpg,1
b3ebdd0017.jpg,1
b4478d85d7.jpg,0
b449811e79.jpg,0
b4a0e59d8f.jpg,0
b4b0b29169.jpg,0
b4bebc583a.jpg,1
b4c63566cc.jpg,1
b4ed7561dc.jpg,1
b4f6c5581a.jpg,1
b4f8812d3f.jpg,0
b52d8d32bd.jpg,0
b5430d0544.jpg,0
b5a528e10e.jpg,1
b5ac5bc371.jpg,1
b5ad8fdeaa.jpg,1
b5d23185d5.jpg,0
b5f42d6d1c.jpg,1
b5f8ab1502.jpg,0
b5ff9f8012.jpg,1
b61c706dec.jpg,1
b624b11f94.jpg,1
b63a3a772e.jpg,0
b668b265df.jpg,1
b66c19e828.jpg,0
b69f9fe696.jpg,0
b6e5fec0bf.jpg,0
b70f55a3d5.jpg,0
b74681b915.jpg,1
b757f6918d.jpg,0
b77ab34833.jpg,1
b7a7526e13.jpg,1
b7b65637e2.jpg,1
b7bc2c7dfb.jpg,0
b814966dfe.jpg,1
b81e31ecd4.jpg,1
b842c047f6.jpg,1
b88b2e0348.jpg,1
b8c7e78b4e.jpg,1
b8e8729525.jpg,0
b91537aaa4.jpg,0
b94f58fec7.jpg,1
b950928fa9.jpg,1
b9778feb8b.jpg,0
b98ece22a1.jpg,0
b99bdc1f6f.jpg,0
b9d91523bf.jpg,1
b9eef61c05.jpg,1
ba2e222b3f.jpg,0
ba329ecd75.jpg,0
ba614cc396.jpg,1
ba94ffbb77.jpg,0
ba9966f438.jpg,1
bab74f5b5f.jpg,0
bb0ea6a8a6.jpg,1
bb1e6421b5.jpg,1
bb2c7b684d.jpg,1
bb2ca20375.jpg,0
bb9fef6bcf.jpg,0
bbbff09b5d.jpg,0
bbd7e87656.jpg,1
bbd885f3d5.jpg,1
bc00c68c92.jpg,0
bc28919682.jpg,0
bc3826feb9.jpg,0
bc4d6dc338.jpg,1
bc661db6e4.jpg,1
bc66243637.jpg,0
bc91442405.jpg,0
bcc389bd10.jpg,0
bcd77f84c6.jpg,0
bce9b6c6e5.jpg,0
bd2b9eaa85.jpg,0
bd821107b4.jpg,1
bd94a70ca1.jpg,0
bde58154f4.jpg,0
bdefe38553.jpg,1
be01612c13.jpg,1
be07195038.jpg,1
be093caf08.jpg,1
be10cf3acd.jpg,0
be31252a8d.jpg,1
be54978ee3.jpg,1
be556b2006.jpg,0
be5cbb6969.jpg,0
bea1879cb7.jpg,0
beb53f29bf.jpg,0
bec9dfe123.jpg,0
beeeb7c567.jpg,0
bef63a01b7.jpg,1
bf11379197.jpg,0
bf2152afcb.jpg,0
bf25e200e9.jpg,0
bf7e143c4f.jpg,1
bfaa10361e.jpg,0
bfde6f262f.jpg,1
bff0bd4686.jpg,1
c010159f8b.jpg,1
c01e827945.jpg,1
c033055163.jpg,0
c04d69e99b.jpg,0
c06b8a31bd.jpg,0
c0b365742c.jpg,0
c0c7f9c928.jpg,1
c0cf789a6d.jpg,0
c1186a8f48.jpg,1
c15c976e1c.jpg,0
c1824c587e.jpg,1
c21908bfed.jpg,1
c22f136f48.jpg,0
c2521f01ed.jpg,1
c257372a2c.jpg,1
c27373661a.jpg,1
c2ab1bab6e.jpg,1
c2cb729af4.jpg,1
c2fa6c4810.jpg,0
c3122912da.jpg,1
c34d5fa131.jpg,1
c36cf05121.jpg,1
c37847b4a8.jpg,1
c394bc5bb3.jpg,1
c3a8c89d1d.jpg,0
c3ce27485e.jpg,1
c3e67a5aaa.jpg,0
c3f053b713.jpg,1
c3f1525fdb.jpg,1
c3fbd36fe7.jpg,1
c409f975f9.jpg,1
c4101562e8.jpg,0
c43574f4ae.jpg,1
c472d6bbe9.jpg,0
c485638924.jpg,1
c49c3deecb.jpg,1
c4a2e75cc7.jpg,0
c4a43e8692.jpg,0
c4c0929b6a.jpg,1
c4f8466ea7.jpg,0
c515d7057a.jpg,0
c52f2fe726.jpg,1
c5474f731c.jpg,0
c5d0dba737.jpg,1
c66d8abcdf.jpg,1
c675a8ed2c.jpg,1
c678fb3422.jpg,1
c6842415ee.jpg,0
c6bcd410e8.jpg,0
c6cfe6922a.jpg,0
c6f3122b18.jpg,0
c6fcc885b7.jpg,1
c6fffd398b.jpg,1
c70fc39660.jpg,1
c72421c52d.jpg,1
c748cf7228.jpg,1
c7608d04a8.jpg,0
c77a57af77.jpg,1
c7e8abad47.jpg,1
c7f115e30f.jpg,0
c7ff5ae004.jpg,0
c8271ebdd3.jpg,1
c88273a425.jpg,1
c88d980a0d.jpg,0
c89b190c01.jpg,0
c89dfd3cab.jpg,1
c8d5fb1f24.jpg,1
c93c4b4f8e.jpg,0
c997933199.jpg,0
c9c89eddad.jpg,0
c9d1b11d22.jpg,0
c9dce0e4d1.jpg,1
c9debe95a6.jpg,1
ca16aac716.jpg,1
ca170dfb10.jpg,1
ca1cdcf365.jpg,1
ca1e59ec1a.jpg,1
ca4fa5b532.jpg,1
ca73db110c.jpg,0
ca78e689f5.jpg,1
caab91f306.jpg,0
caeb84781a.jpg,0
caf4242a46.jpg,1
cb0956312c.jpg,1
cb1f9d4a23.jpg,0
cb3960572a.jpg,1
cb441b8a66.jpg,1
cb51799cbd.jpg,1
cb53b43fe1.jpg,1
cb85b65ea3.jpg,1
cb9a9ebdcc.jpg,1
cb9d1c5e2a.jpg,1
cbc68cde81.jpg,0
cbd887be60.jpg,1
cbec3f8e05.jpg,1
cc0c484f95.jpg,1
cc4d4319b3.jpg,1
cc9addcae2.jpg,0
cc9b0b4850.jpg,1
cca4bb57bc.jpg,1
ccbd332c1f.jpg,1
ccdc6d3730.jpg,1
ccff220cf4.jpg,0
cdb49373b9.jpg,0
cdd0b04f9e.jpg,1
cde38b68ea.jpg,1
cde39bb303.jpg,0
ce91f9e101.jpg,1
cebe4eba9e.jpg,0
cef73d9cca.jpg,0
cf25405e0e.jpg,0
cf733c9d4e.jpg,0
cf7ab3ef73.jpg,0
cfa51a43a9.jpg,0
cfa8953bc5.jpg,0
cff539fcfd.jpg,1
cff96bb059.jpg,1
d0135780e2.jpg,1
d0843d5e4d.jpg,1
d09331530f.jpg,1
d09eff5209.jpg,1
d0c198ab9b.jpg,1
d12e8e7afc.jpg,0
d1656e0b93.jpg,0
d18a6b185d.jpg,0
d18b4046c6.jpg,1
d197ab077e.jpg,1
d1f4cff5f8.jpg,0
d23b10d098.jpg,1
d256a1487e.jpg,1
d25b3fd383.jpg,1
d261273b26.jpg,0
d26cac5b31.jpg,1
d26e9b2b9f.jpg,0
d29f55b86a.jpg,1
d30428fe4f.jpg,1
d32a7f0f4e.jpg,0
d33ec13560.jpg,1
d34fa0b22b.jpg,1
d3511ac272.jpg,1
d39f7e9a8f.jpg,0
d3a9703b69.jpg,1
d3ae203463.jpg,0
d3b265df4a.jpg,1
d3c34099ef.jpg,1
d3d02a2362.jpg,0
d3ee895adb.jpg,1
d400c23e7a.jpg,0
d45c830a88.jpg,0
d46ae6c74f.jpg,0
d4986be1ce.jpg,1
d4a5ef4f32.jpg,0
d4bffe87e3.jpg,0
d4e507225a.jpg,1
d5028db429.jpg,1
d513437755.jpg,1
d5225b322f.jpg,0
d53af0ad07.jpg,1
d54582d2d8.jpg,1
d563a2956f.jpg,0
d56a6fa3df.jpg,1
d5ad87fd09.jpg,1
d5b7195f04.jpg,0
d5be76a29b.jpg,0
d5e40cf80b.jpg,1
d5f9ae0e5f.jpg,1
d63ab402f6.jpg,0
d63d6f3fbb.jpg,0
d69e32b486.jpg,0
d6b6176dae.jpg,0
d6bd394305.jpg,0
d6e46da7ea.jpg,1
d6e9e7bc1e.jpg,1
d725bffbb9.jpg,0
d72ea5f9b6.jpg,0
d743e54022.jpg,0
d759a9cef8.jpg,0
d789c8067a.jpg,1
d78ff079a6.jpg,1
d7d6d51b68.jpg,1
d7de5a3b27.jpg,0
d7e7beb717.jpg,0
d7ee5d1f96.jpg,0
d805d58090.jpg,1
d858292db5.jpg,1
d87512a8cc.jpg,1
d878debe3d.jpg,1
d89d59c7ef.jpg,0
d8ac7ee135.jpg,1
d8b51f706a.jpg,0
d8e353d3d3.jpg,1
d923be8a69.jpg,0
d98b16c580.jpg,0
d990650785.jpg,1
d9d8b29fc9.jpg,0
d9da9e5fa3.jpg,1
da13ee3a96.jpg,0
da4c06d7b7.jpg,0
da512d4223.jpg,0
da539560d5.jpg,0
da92ef93aa.jpg,1
da9b06dde2.jpg,0
dac3f1bb85.jpg,0
db11e29c70.jpg,1
db2c73bd31.jpg,1
db7daeb1c6.jpg,0
db81d82ae7.jpg,1
dba9dc4aa7.jpg,1
dbc96c9ad6.jpg,0
dbca91f3cf.jpg,1
dbe967435a.jpg,1
dc0d8a6480.jpg,0
dc5225e4be.jpg,1
dc79bcd510.jpg,1
dd0a309a5f.jpg,0
dd195dbc9e.jpg,1
dd28b464ce.jpg,1
dd3d0c3097.jpg,1
dd414fbe9b.jpg,1
dd80509aed.jpg,0
ddb72982ea.jpg,0
ddbaf4d43f.jpg,1
de4044074c.jpg,0
de4356a201.jpg,0
de785c091e.jpg,0
de9d1cfcde.jpg,0
deaa2110ff.jpg,0
deac3cd949.jpg,1
decb07312e.jpg,1
dee60734de.jpg,0
defd3c527f.jpg,0
df0ee5297a.jpg,0
df3f21c8f2.jpg,1
df61120065.jpg,0
df6ea35948.jpg,0
df7270c070.jpg,0
dfcaf47565.jpg,0
dfd3d445f2.jpg,1
dffebf1997.jpg,1
e000433a24.jpg,1
e00f803cc8.jpg,1
e0134fd061.jpg,1
e0230c23d8.jpg,0
e062b9a2b5.jpg,0
e06a5dc784.jpg,0
e0857f4089.jpg,0
e0a9ccb61e.jpg,0
e0c09d5d75.jpg,0
e0fd2acffa.jpg,0
e11ca86d46.jpg,1
e11cb2491e.jpg,0
e140c11d8f.jpg,0
e1506ba4e6.jpg,1
e1525a2e4b.jpg,0
e16e7d4cf6.jpg,1
e197b0b9d2.jpg,0
e19a6b1417.jpg,1
e19ad17769.jpg,1
e1b45d3dc4.jpg,0
e1bc0f14f9.jpg,1
e1ddd5c6fb.jpg,1
e1e286fdd0.jpg,0
e2105a439d.jpg,0
e21e458ad2.jpg,1
e2337d49fb.jpg,1
e238eb8f2f.jpg,1
e26188bd9b.jpg,1
e26d94f36d.jpg,0
e2870129a7.jpg,0
e2936bd072.jpg,1
e297262d66.jpg,0
e2a5d749e1.jpg,1
e2e9e74d35.jpg,0
e36067d32b.jpg,0
e36c9f0276.jpg,0
e37aa7938f.jpg,0
e39c0af8ba.jpg,0
e3b89cc35d.jpg,0
e3bce8c15d.jpg,1
e3c0c02068.jpg,0
e4190f0ca6.jpg,0
e4908ed25e.jpg,1
e4a7e17283.jpg,1
e4e33eaaac.jpg,0
e4e7baba5f.jpg,1
e4fa522f40.jpg,0
e4fc2788dc.jpg,0
e501846f70.jpg,0
e5018f669c.jpg,0
e513bd25c5.jpg,0
e525632498.jpg,1
e554ae7e23.jpg,0
e563152bf3.jpg,0
e5691b6cb1.jpg,0
e56aebe396.jpg,1
e5bd747b1f.jpg,1
e5c10eb943.jpg,1
e5d17a312b.jpg,0
e60eef6ec5.jpg,1
e655db6735.jpg,1
e65ede6d0f.jpg,0
e68ade9f59.jpg,1
e6a6243535.jpg,1
e6ade3d5f9.jpg,1
e6d5a441ec.jpg,1
e6dd941c26.jpg,0
e6e062aad1.jpg,0
e6ee7f3ebb.jpg,1
e6fa707391.jpg,1
e709c8ed9f.jpg,0
e72b8a86f0.jpg,1
e73401051e.jpg,1
e784503d99.jpg,1
e7a2cf71c0.jpg,1
e7ac8c5006.jpg,1
e7b94b6345.jpg,0
e7bcde452f.jpg,1
e7d18745f4.jpg,1
e7dd0d9f80.jpg,0
e7e8f2fd60.jpg,0
e7eddc4859.jpg,1
e815f750d0.jpg,1
e87258a653.jpg,0
e8afed0ae8.jpg,1
e8b076f9e9.jpg,0
e8e08c0b7d.jpg,1
e8e2695121.jpg,0
e8f5a7189f.jpg,0
e8fef602b5.jpg,1
e93ea11b14.jpg,1
e9619e977e.jpg,0
e9a81dc85e.jpg,1
e9debf881c.jpg,0
e9f1badc8c.jpg,1
ea12555331.jpg,0
ea2c6698a5.jpg,0
ea3ba58395.jpg,1
ea85c3c864.jpg,1
ea978b893c.jpg,0
eac1ce803d.jpg,1
eaca323367.jpg,1
ead704d0af.jpg,1
eaec353235.jpg,0
eb4fd14df2.jpg,1
eb7e3d6776.jpg,0
ebda497c20.jpg,0
ebf5596c67.jpg,1
ec0a1ccd7d.jpg,1
ec1eba85b9.jpg,1
ec2c28342a.jpg,0
ec2e5b8bf7.jpg,1
ec7635a2b4.jpg,1
ec8bad5d91.jpg,1
ec9d148745.jpg,1
ecf29f03c2.jpg,1
ed1b5f8239.jpg,0
ed746f7ece.jpg,1
ed8bd2ff13.jpg,1
edb3dc8186.jpg,1
edc041f550.jpg,0
edc3d0e61d.jpg,0
eddbc3a48d.jpg,0
ede73b3b4d.jpg,1
ee02079127.jpg,0
ee1a2909a1.jpg,0
ee3e27eeb5.jpg,1
ee41aefafc.jpg,0
ee4a7078a1.jpg,1
ee4d037a1a.jpg,0
ee6aa698d6.jpg,1
ee7aec4d54.jpg,1
ee85f624fc.jpg,0
ee8862ce4f.jpg,1
eee488e8fe.jpg,0
ef289b74fc.jpg,0
ef67db37e8.jpg,1
ef84874865.jpg,1
ef9c959c10.jpg,1
efb1c6ea4a.jpg,0
efca713470.jpg,0
efcd7d6962.jpg,0
efe80171ca.jpg,1
eff0cfe9a3.jpg,1
effc0fc293.jpg,0
f0158f240a.jpg,0
f05d938d47.jpg,0
f099fc7693.jpg,1
f0cc4b9d26.jpg,0
f14b5f9cef.jpg,0
f18538b3d4.jpg,0
f18a3c5068.jpg,0
f1ae81c507.jpg,0
f1ca55835d.jpg,1
f20e894e9c.jpg,0
f2b0b58300.jpg,1
f2bd7fe05b.jpg,1
f2c3cbd9ff.jpg,0
f2de8721f7.jpg,0
f2de89b05d.jpg,1
f2e431cc6e.jpg,1
f3273a316d.jpg,1
f389fd168c.jpg,1
f3973840d0.jpg,0
f3f816b979.jpg,1
f425e8793a.jpg,1
f452ce92ab.jpg,0
f4a0e5c459.jpg,0
f4c1dd8578.jpg,0
f4c27e8a13.jpg,0
f4d9cc55c6.jpg,1
f501030abd.jpg,1
f50e281f55.jpg,0
f50f511941.jpg,0
f51b039c59.jpg,1
f51d12b8e3.jpg,0
f5233df09e.jpg,0
f53ec81c0a.jpg,0
f56de8a3fe.jpg,0
f59bf5ff79.jpg,1
f5b183aa8c.jpg,1
f5c679c421.jpg,1
f5f50fbd14.jpg,0
f5f5bf3e2d.jpg,1
f6706a982f.jpg,0
f674c64e54.jpg,1
f683f91d0b.jpg,0
f689a22ec5.jpg,1
f69dfc3367.jpg,1
f6a5915841.jpg,1
f6d95cab4c.jpg,1
f6e649ebbc.jpg,1
f6f802939b.jpg,0
f71fb83397.jpg,0
f743c46844.jpg,1
f74b966299.jpg,1
f74c705913.jpg,1
f74cedff10.jpg,1
f762676312.jpg,1
f79f6f04d0.jpg,0
f7a44ecade.jpg,1
f7b0ffd82b.jpg,1
f7e5ed0d0c.jpg,0
f84fabb941.jpg,0
f85644eeb1.jpg,0
f8a1302d09.jpg,1
f8a30caef4.jpg,1
f8b937a066.jpg,0
f8df601c50.jpg,1
f8ee075c6d.jpg,1
f8f5c399a9.jpg,0
f8ff64b2de.jpg,0
f90a048ecd.jpg,1
f937ce30ee.jpg,1
f9409479c8.jpg,0
f949cd3b02.jpg,1
f94dd4ec33.jpg,1
f950cd79b0.jpg,1
f963a155e9.jpg,1
f98a686152.jpg,1
f9a6ed67f4.jpg,0
fa148bd115.jpg,1
fa24516c90.jpg,0
fa3ab08945.jpg,1
fa62d20f6b.jpg,1
fa7efaa482.jpg,1
fa8a7779eb.jpg,1
fab08ab620.jpg,0
fac191da2f.jpg,1
fb06bb2cf5.jpg,1
fb4134c736.jpg,0
fb6660a006.jpg,1
fb95212b49.jpg,1
fb9c751432.jpg,1
fba4924562.jpg,0
fbaa532b13.jpg,1
fbc713ac9e.jpg,1
fc564ca875.jpg,0
fc7136f9b4.jpg,0
fc77c23f11.jpg,1
fcb9c2843a.jpg,0
fcec852616.jpg,1
fcf1d07be1.jpg,0
fcff2e97b3.jpg,0
fd1a71a278.jpg,1
fd2d730661.jpg,1
fd56d6b0ff.jpg,1
fd5f7a4fed.jpg,1
fd6490a6bf.jpg,0
fd784e1b7e.jpg,1
fd8146ff6f.jpg,1
fd9a292cfb.jpg,0
fdd6682312.jpg,0
fdd9ac73ec.jpg,0
fddfe49379.jpg,0
fded38ac6d.jpg,1
fe327dfdb2.jpg,0
fe3ac677f8.jpg,0
fe4d3a9845.jpg,1
fe9a3b42db.jpg,0
fea50d9ae0.jpg,0
feb053c8a1.jpg,0
fec6a80c09.jpg,0
fee1144f47.jpg,1
fefcd4738a.jpg,0
ff21dce514.jpg,0
ff29046117.jpg,1
ff3a7fc02b.jpg,1
ff4bd9dbf1.jpg,1
ff5124e69e.jpg,1
ff893ed088.jpg,0
ffbd4994a3.jpg,1
ffd3a11821.jpg,1
ffd7ae3605.jpg,0
ffe2852ea3.jpg,0
fff9eab410.jpg,1
